<?xml version="1.0" encoding="UTF-8"?><record_update table="sys_ws_operation">
    <sys_ws_operation action="INSERT_OR_UPDATE">
        <active>true</active>
        <consumes>application/json,application/xml,text/xml</consumes>
        <consumes_customized>false</consumes_customized>
        <default_operation_uri/>
        <enforce_acl>cf9d01d3e73003009d6247e603f6a990</enforce_acl>
        <http_method>POST</http_method>
        <name>V1-Query-Trend</name>
        <operation_script><![CDATA[(function process(/*RESTAPIRequest*/ request, /*RESTAPIResponse*/ response) {
	var table = request.body.data.targets[0].target || "";
	var sysparam = request.body.data.targets[0].sysparm || "";
	var esSearch = request.body.data.targets[0].esSearch || "";
	var trendColumn = request.body.data.targets[0].trendColumn || "";
	var trendBy = request.body.data.targets[0].trendBy || "minute";
	var value = request.body.data.targets[0].period || 1;
	
	var queryParams = request.queryParams;
	var endTimeInput=queryParams.endTime;
	var startTimeInput=queryParams.startTime;
	
	response.setContentType('application/json');
    response.setStatus(200);
	var writer = response.getStreamWriter();
	var metricData = new global.GrafanaMetricData();
	
	var tableResponse=metricData.getGenericTrend(table, sysparam, esSearch, trendColumn, trendBy, value, startTimeInput, endTimeInput);
	writer.writeString(tableResponse);

})(request, response);]]></operation_script>
        <operation_uri>/api/snc/grafana_api/v1/query/trend</operation_uri>
        <produces>application/json,application/xml,text/xml</produces>
        <produces_customized>false</produces_customized>
        <relative_path>/v1/query/trend</relative_path>
        <request_example/>
        <requires_acl_authorization>true</requires_acl_authorization>
        <requires_authentication>true</requires_authentication>
        <requires_snc_internal_role>true</requires_snc_internal_role>
        <short_description/>
        <sys_class_name>sys_ws_operation</sys_class_name>
        <sys_created_by>optimiz</sys_created_by>
        <sys_created_on>2021-09-01 17:17:27</sys_created_on>
        <sys_id>196f538e1b1ab8507ef18736604bcb73</sys_id>
        <sys_mod_count>0</sys_mod_count>
        <sys_name>V1-Query-Trend</sys_name>
        <sys_package display_value="Grafana Plugin" source="3247134e1bd6b8507ef18736604bcbf4">3247134e1bd6b8507ef18736604bcbf4</sys_package>
        <sys_policy/>
        <sys_scope display_value="Grafana Plugin">3247134e1bd6b8507ef18736604bcbf4</sys_scope>
        <sys_update_name>sys_ws_operation_196f538e1b1ab8507ef18736604bcb73</sys_update_name>
        <sys_updated_by>optimiz</sys_updated_by>
        <sys_updated_on>2021-09-01 17:17:27</sys_updated_on>
        <web_service_definition display_value="Grafana API">018753021b1ab8507ef18736604bcbce</web_service_definition>
        <web_service_version/>
    </sys_ws_operation>
</record_update>
