<?xml version="1.0" encoding="UTF-8"?><record_update table="sys_ws_operation">
    <sys_ws_operation action="INSERT_OR_UPDATE">
        <active>true</active>
        <consumes>application/json,application/xml,text/xml</consumes>
        <consumes_customized>false</consumes_customized>
        <default_operation_uri/>
        <enforce_acl>cf9d01d3e73003009d6247e603f6a990</enforce_acl>
        <http_method>POST</http_method>
        <name>V1-Query-Metric_Mapping</name>
        <operation_script><![CDATA[(function process(/*RESTAPIRequest*/ request, /*RESTAPIResponse*/ response) {
	var sysparm_query = request.body.data.targets[0].target || "";
	
	//To do: add a condition if input not provided to return 500 error
	
	response.setContentType('application/json');
    response.setStatus(200);
	
	var writer = response.getStreamWriter();
	var metricData = new global.GrafanaMetricData();

    var metricValues=metricData.getAllMetrics(sysparm_query);
	writer.writeString(metricValues);

})(request, response);]]></operation_script>
        <operation_uri>/api/snc/grafana_api/v1/query/metric_mapping</operation_uri>
        <produces>application/json,application/xml,text/xml</produces>
        <produces_customized>false</produces_customized>
        <relative_path>/v1/query/metric_mapping</relative_path>
        <request_example/>
        <requires_acl_authorization>true</requires_acl_authorization>
        <requires_authentication>true</requires_authentication>
        <requires_snc_internal_role>true</requires_snc_internal_role>
        <short_description/>
        <sys_class_name>sys_ws_operation</sys_class_name>
        <sys_created_by>optimiz</sys_created_by>
        <sys_created_on>2021-09-01 17:14:08</sys_created_on>
        <sys_id>02aedf0e1b1ab8507ef18736604bcbef</sys_id>
        <sys_mod_count>0</sys_mod_count>
        <sys_name>V1-Query-Metric_Mapping</sys_name>
        <sys_package display_value="Grafana Plugin" source="3247134e1bd6b8507ef18736604bcbf4">3247134e1bd6b8507ef18736604bcbf4</sys_package>
        <sys_policy/>
        <sys_scope display_value="Grafana Plugin">3247134e1bd6b8507ef18736604bcbf4</sys_scope>
        <sys_update_name>sys_ws_operation_02aedf0e1b1ab8507ef18736604bcbef</sys_update_name>
        <sys_updated_by>optimiz</sys_updated_by>
        <sys_updated_on>2021-09-01 17:14:08</sys_updated_on>
        <web_service_definition display_value="Grafana API">018753021b1ab8507ef18736604bcbce</web_service_definition>
        <web_service_version/>
    </sys_ws_operation>
</record_update>
